年份,期号,号1,号2,号3,号4,号5,号6,特码
2020,200,27,46,10,38,02,26,14
2020,201,38,48,42,31,20,24,35
2020,202,26,01,45,15,20,36,41
2020,203,29,23,48,03,12,25,17
2020,204,14,24,43,06,49,48,35
2020,205,26,08,42,07,32,36,30
2020,206,32,23,07,22,14,21,35
2020,207,42,31,36,43,33,21,07
2020,208,41,21,49,29,45,06,33
2020,209,41,16,37,17,03,09,20
2020,210,34,09,01,29,33,02,49
2020,211,42,05,23,30,41,37,35
2020,212,29,11,46,09,45,07,15
2020,213,27,34,11,37,19,25,03
2020,214,40,01,15,49,44,05,48
2020,215,48,27,11,04,19,42,17
2020,216,40,02,07,38,29,37,23
2020,217,08,45,25,01,10,47,37
2020,218,08,10,15,47,24,02,21
2020,219,44,28,41,03,23,19,31
2020,220,47,04,29,25,19,41,23
2020,221,17,27,37,25,02,05,10
2020,222,23,44,48,37,10,07,35
2020,223,22,33,05,01,32,19,45
2020,224,37,20,27,43,35,48,08
2020,225,32,20,47,34,07,18,05
2020,226,32,33,06,45,14,05,40
2020,227,33,24,41,23,35,01,05
2020,228,38,07,13,49,33,36,37
2020,229,40,15,10,16,11,18,05
2020,230,49,04,08,21,47,15,37
2020,231,26,27,20,14,42,45,28
2020,232,20,17,24,09,15,03,21
2020,233,48,01,32,11,19,34,45
2020,234,13,35,38,16,17,40,04
2020,235,30,46,01,28,19,17,43
2020,236,04,32,20,09,30,45,11
2020,237,31,27,49,11,10,22,18
2020,238,16,12,41,25,37,13,05
2020,239,17,36,43,23,26,15,18
2020,240,39,44,01,14,41,02,19
2020,241,31,09,42,21,08,48,34
2020,242,35,05,42,46,37,19,26
2020,243,33,29,49,18,19,02,05
2020,244,40,22,37,16,13,49,26
2020,245,11,33,25,28,06,20,49
2020,246,49,03,34,38,25,18,33
2020,247,16,43,12,27,31,49,21
2020,248,09,01,21,25,37,49,29
2020,249,40,44,29,23,19,17,46
2020,250,13,31,02,46,06,29,22
2020,251,10,38,33,11,01,07,39
2020,252,09,40,45,46,01,34,16
2020,253,03,27,11,24,13,25,37
2020,254,15,41,39,09,04,02,30
2020,255,17,09,44,10,04,47,27
2020,256,32,20,44,48,38,27,07
2020,257,38,16,03,34,05,40,04
2020,258,04,37,45,16,39,29,03
2020,259,45,28,26,01,46,33,31
2020,260,04,10,15,28,21,05,20
2020,261,45,17,02,32,41,25,04
2020,262,44,39,41,29,28,49,19
2020,263,35,01,27,46,41,21,19
2020,264,49,28,09,17,25,19,08
2020,265,26,39,02,03,44,11,19
2020,266,49,02,35,27,03,40,38
2020,267,11,43,44,10,20,15,46
2020,268,31,08,42,44,10,01,18
2020,269,28,10,30,16,25,42,09
2020,270,08,07,29,05,27,18,01
2020,271,28,13,05,07,26,06,31
2020,272,09,43,08,12,38,10,41
2020,273,20,45,01,47,16,40,31
2020,274,16,45,18,09,17,37,28
2020,275,49,21,02,41,47,45,05
2020,276,03,18,45,47,02,29,41
2020,277,39,15,17,25,36,34,28
2020,278,03,19,42,38,01,09,45
2020,279,27,04,03,32,05,09,35
2020,280,41,46,36,17,35,25,31
2020,281,23,43,14,34,49,46,03
2020,282,47,09,38,31,49,39,19
2020,283,43,03,07,35,45,39,46
2020,284,47,44,36,22,40,39,13
2020,285,42,08,15,21,25,34,02
2020,286,22,31,45,41,25,27,44
2020,287,49,19,35,29,20,40,24
2020,288,42,38,06,33,24,01,39
2020,289,01,18,14,13,04,02,16
2020,290,44,35,18,05,46,04,03
2020,291,29,35,22,34,23,11,44
2020,292,41,49,45,24,04,02,46
2020,293,36,41,48,30,38,46,24
2020,294,32,27,47,48,16,03,25
2020,295,31,04,43,27,06,01,25
2020,296,42,01,22,40,09,49,15
2020,297,12,45,46,01,15,44,09
2020,298,12,17,49,46,11,37,23
2020,299,45,04,02,03,46,21,34
2020,300,24,46,47,09,19,34,49
2020,301,28,16,11,47,21,29,44
2020,302,15,41,45,11,42,04,24
2020,303,23,36,08,24,31,03,46
2020,304,01,14,05,12,22,19,23
2020,305,30,37,22,34,48,12,46
2020,306,48,34,24,23,11,12,46
2020,307,20,10,17,49,46,40,01
2020,308,38,29,22,06,40,21,01
2020,309,18,06,34,32,22,11,35
2020,310,44,21,17,27,24,12,32
2020,311,43,31,26,37,14,04,36
2020,312,34,35,40,13,22,48,42
2020,313,20,35,42,19,14,30,39
2020,314,11,09,10,47,37,27,33
2020,315,48,41,30,36,49,21,02
2020,316,49,38,36,43,28,15,05
2020,317,20,49,30,35,41,32,39
2020,318,46,29,41,24,47,01,06
2020,319,49,36,22,32,41,04,37
2020,320,05,23,13,40,14,15,01
2020,321,48,27,23,37,20,35,36
2020,322,17,12,37,01,33,05,30
2020,323,33,32,06,09,30,21,29
2020,324,25,48,49,10,13,12,41
2020,325,22,37,30,46,18,08,20
2020,326,11,03,39,12,24,32,25
2020,327,02,45,32,29,01,20,05
2020,328,31,02,44,32,01,42,34
2020,329,09,21,38,19,22,26,25
2020,330,27,42,22,41,30,08,32
2020,331,38,37,08,35,26,21,49
2020,332,22,27,21,17,32,29,03
2020,333,22,31,15,46,35,17,39
2020,334,46,41,06,49,44,32,09
2020,335,10,38,29,36,40,39,24
2020,336,22,30,25,42,36,18,35
2020,337,31,42,16,09,14,26,07
2020,338,17,43,21,37,39,29,41
2020,339,29,32,35,46,31,41,12
2020,340,08,41,06,18,35,33,03
2020,341,10,39,26,31,41,43,15
2020,342,41,38,18,42,29,34,35
2020,343,26,35,02,03,06,14,45
2020,344,15,16,08,43,27,25,39
2020,345,25,12,19,07,34,39,13
2020,346,39,03,10,46,12,35,48
2020,347,07,35,40,49,04,41,09
2020,348,21,40,37,01,19,31,13
2020,349,16,04,29,30,03,22,24
2020,350,34,02,36,06,08,11,48
2020,351,39,46,30,13,15,41,26
2020,352,06,29,32,31,10,33,30
2020,353,31,41,43,37,07,04,34
2020,354,20,31,09,23,08,12,10
2020,355,31,32,13,18,19,22,30
2021,001,12,03,10,34,11,33,16
2021,002,35,40,06,45,22,48,13
2021,003,22,29,36,07,46,28,35
2021,004,23,20,35,48,33,01,03
2021,005,12,48,13,16,36,38,43
2021,006,07,22,35,13,09,38,28
2021,007,14,12,20,23,41,47,36
2021,008,46,03,11,01,28,30,13
2021,009,05,23,42,43,30,14,08
2021,010,04,25,03,06,37,13,35
2021,011,49,10,24,35,37,38,09
2021,012,09,22,33,06,01,18,47
2021,013,23,44,42,02,15,14,18
2021,014,36,23,19,39,26,38,15
2021,015,09,38,26,21,23,37,45
2021,016,18,07,36,05,23,15,37
2021,017,25,21,30,22,49,43,17
2021,018,23,15,09,37,01,44,28
2021,019,48,47,34,43,10,25,32
2021,020,46,37,18,02,35,28,38
2021,021,24,33,06,45,43,32,03
2021,022,32,38,18,05,15,06,37
2021,023,31,21,49,41,39,20,29
2021,024,47,12,08,43,31,27,11
2021,025,39,09,41,07,36,29,17
2021,026,26,22,11,43,39,48,08
2021,027,30,47,15,23,16,03,01
2021,028,38,47,39,04,36,22,28
2021,029,30,05,27,06,29,39,49
2021,030,09,27,29,08,17,38,15
2021,031,08,26,38,16,01,09,37
2021,032,35,30,34,49,37,06,03
2021,033,25,43,34,26,32,31,42
2021,034,41,16,14,05,44,02,21
2021,035,07,34,01,42,02,16,21
2021,036,01,42,04,06,43,16,14
2021,037,47,41,37,35,12,49,33
2021,038,12,45,46,25,03,22,06
2021,039,26,41,42,16,28,18,11
2021,040,34,44,21,36,03,13,27
2021,041,06,34,36,46,27,17,47
2021,042,27,02,34,25,48,20,31
2021,043,35,02,04,41,26,39,14
2021,044,21,09,31,48,19,32,42
2021,045,36,33,12,32,38,04,21
2021,046,24,05,15,11,41,03,48
2021,047,05,44,11,41,31,12,28
2021,048,12,46,23,37,47,06,24
2021,049,16,48,42,18,04,49,11
2021,050,30,06,02,36,11,15,33
2021,051,26,35,38,06,25,45,17
2021,052,19,08,42,49,35,32,31
2021,053,48,15,39,47,36,33,17
2021,054,35,21,19,28,46,47,39
2021,055,31,13,44,40,11,43,49
2021,056,25,21,19,49,04,22,08
2021,057,49,15,03,44,08,16,41
2021,058,33,39,35,28,10,44,31
2021,059,37,08,12,39,41,10,28
2021,060,07,25,04,33,39,05,32
2021,061,35,12,05,40,36,23,01
2021,062,18,36,25,45,44,19,40
2021,063,21,25,47,02,18,37,03
2021,064,12,32,31,33,48,28,30
2021,065,20,45,25,06,17,11,27
2021,066,07,42,31,36,47,19,16
2021,067,29,02,40,28,44,15,31
2021,068,27,43,44,49,40,39,10
2021,069,27,07,43,03,16,47,37
2021,070,01,20,30,40,03,04,27
2021,071,09,18,01,32,47,05,21
2021,072,14,10,42,09,07,31,03
2021,073,32,40,05,16,03,43,49
2021,074,42,25,14,29,18,16,23
2021,075,45,29,13,18,47,22,26
2021,076,29,47,07,40,15,02,09
2021,077,19,12,07,13,03,24,21
2021,078,16,34,12,47,02,01,08
2021,079,17,32,13,41,47,22,20
2021,080,12,13,14,30,43,46,02
2021,081,19,44,31,33,35,48,41
2021,082,48,15,16,04,33,44,39
2021,083,17,16,35,02,29,15,05
2021,084,08,28,26,30,15,09,16
2021,085,45,05,37,21,49,38,10
2021,086,08,21,41,48,15,36,10
2021,087,24,07,48,33,31,43,15
2021,088,37,06,09,30,20,19,18
2021,089,44,23,39,10,32,05,08
2021,090,25,23,21,41,35,44,49
2021,091,10,11,05,38,37,17,12
2021,092,14,02,42,43,38,40,20
2021,093,05,41,31,07,17,01,23
2021,094,02,03,11,39,01,10,23
2021,095,46,12,48,42,35,17,13
2021,096,03,02,45,20,35,48,24
2021,097,10,46,20,49,35,36,14
2021,098,27,03,04,36,15,14,49
2021,099,05,24,20,45,33,26,07
2021,100,36,04,34,02,35,12,05
2021,101,49,12,32,05,11,25,14
2021,102,42,11,36,15,17,29,16
2021,103,19,23,49,17,07,21,39
2021,104,38,07,15,36,19,02,46
2021,105,01,24,11,37,42,38,28
2021,106,32,03,04,06,22,11,08
2021,107,34,04,26,49,03,01,47
2021,108,25,36,28,23,43,06,34
2021,109,43,38,16,37,44,21,25
2021,110,35,26,27,11,06,48,14
2021,111,43,13,26,22,28,38,37
2021,112,18,47,04,38,45,42,23
2021,113,20,33,10,16,21,14,09
2021,114,30,40,16,14,48,47,45
2021,115,14,03,15,48,46,32,26
2021,116,49,36,14,03,20,47,22
2021,117,10,33,22,32,12,21,48
2021,118,44,40,39,46,01,32,27
2021,119,20,25,48,49,43,40,36
2021,120,24,12,13,40,27,10,35
2021,121,42,20,44,07,27,33,31
2021,122,26,32,41,22,35,44,01
2021,123,42,49,34,40,23,33,04
2021,124,37,27,03,04,13,02,45
2021,125,28,40,22,26,34,08,47
2021,126,04,37,40,07,28,35,23
2021,127,10,33,22,03,19,23,37
2021,128,49,35,31,11,43,07,42
2021,129,28,39,05,36,16,34,01
2021,130,30,49,22,10,09,47,38
2021,131,01,13,36,08,47,49,30
2021,132,08,14,15,30,01,13,07
2021,133,27,18,49,24,08,35,03
2021,134,49,33,38,34,43,46,48
2021,135,16,32,07,22,37,30,31
2021,136,46,41,28,13,49,20,38
2021,137,26,42,43,41,13,31,33
2021,138,32,48,01,07,08,39,49
2021,139,24,22,32,12,13,34,49
2021,140,10,12,29,42,48,04,32
2021,141,13,21,38,45,25,16,42
2021,142,24,01,42,29,18,30,31
2021,143,35,14,42,32,20,04,48
2021,144,07,41,23,16,25,06,28
2021,145,28,33,23,04,48,10,46
2021,146,08,13,43,21,33,30,02
2021,147,15,47,41,23,40,34,08
2021,148,16,29,40,34,10,43,35
2021,149,42,19,20,02,23,29,11
2021,150,12,04,10,44,31,19,39
2021,151,42,24,11,44,33,26,36
2021,152,37,48,35,08,39,30,09
2021,153,10,32,29,23,36,30,37
2021,154,26,42,25,29,01,14,22
2021,155,06,41,46,33,15,04,31
2021,156,30,19,34,38,15,24,39
2021,157,35,24,46,17,20,12,03
2021,158,28,27,44,08,26,40,45
2021,159,38,44,25,11,04,20,27
2021,160,08,34,29,27,41,18,07
2021,161,47,39,23,32,31,49,25
2021,162,33,27,39,34,49,02,36
2021,163,39,06,19,29,37,10,48
2021,164,46,42,41,10,23,47,02
2021,165,26,25,12,01,19,17,18
2021,166,47,14,17,02,35,16,28
2021,167,17,13,19,04,05,16,11
2021,168,09,45,28,13,03,47,14
2021,169,10,05,42,07,21,36,13
2021,170,05,27,25,11,24,21,45
2021,171,15,16,31,39,47,48,12
2021,172,32,02,31,21,26,48,09
2021,173,21,33,38,04,32,29,34
2021,174,05,17,21,26,36,19,41
2021,175,01,28,33,13,23,29,09
2021,176,26,01,46,44,27,37,06
2021,177,33,38,42,24,05,37,04
2021,178,32,27,45,02,48,03,30
2021,179,09,01,26,33,37,48,49
2021,180,21,04,03,16,07,32,10
2021,181,07,27,01,49,18,28,06
2021,182,37,27,38,49,13,44,47
2021,183,27,15,21,07,48,36,28
2021,184,30,27,07,35,25,17,26
2021,185,49,22,19,28,39,27,01
2021,186,26,06,19,45,34,14,20
2021,187,16,43,38,47,13,40,01
2021,188,03,32,42,27,11,13,18
2021,189,26,01,05,46,29,09,17
2021,190,07,28,09,32,16,45,02
2021,191,34,37,14,42,30,43,23
2021,192,09,13,40,22,33,49,03
2021,193,06,02,25,29,46,34,43
2021,194,47,11,29,30,02,03,14
2021,195,26,32,27,40,14,12,43
2021,196,32,47,34,17,39,27,42
2021,197,33,12,41,17,19,39,28
2021,198,28,27,16,13,48,45,07
2021,199,05,48,36,31,07,28,14
2021,200,41,08,15,22,35,19,11
2021,201,43,33,41,22,02,21,47
2021,202,34,15,09,17,11,48,33
2021,203,36,31,11,25,09,05,29
2021,204,33,18,04,12,36,38,19
2021,205,06,19,17,07,38,15,36
2021,206,43,41,33,42,05,13,21
2021,207,34,32,29,21,15,08,48
2021,208,47,06,21,19,33,38,22
2021,209,21,26,37,38,18,42,07
2021,210,44,34,11,32,42,03,14
2021,211,37,35,20,21,03,13,12
2021,212,19,16,32,38,17,26,49
2021,213,34,39,16,14,17,31,28
2021,214,18,04,46,14,36,41,05
2021,215,45,26,12,42,11,17,10
2021,216,15,17,28,42,04,32,37
2021,217,34,14,31,03,06,24,49
2021,218,15,09,40,47,44,24,39
2021,219,22,38,09,25,23,43,26
2021,220,49,16,28,20,29,15,05
2021,221,09,26,40,02,37,35,39
2021,222,18,46,21,09,35,30,04
2021,223,20,37,17,44,07,16,40
2021,224,17,45,38,42,26,06,20
2021,225,25,19,36,38,18,30,24
2021,226,16,22,39,06,36,34,17
2021,227,30,25,03,17,42,29,37
2021,228,14,05,32,02,33,25,04
2021,229,16,49,05,13,17,33,37
2021,230,48,17,22,14,21,29,15
2021,231,42,30,41,06,37,39,09
2021,232,08,15,11,46,10,13,47
2021,233,01,10,29,05,42,24,15
2021,234,23,25,42,40,09,03,05
2021,235,15,47,24,11,27,08,45
2021,236,41,34,43,47,35,20,13
2021,237,15,18,49,43,11,23,20
2021,238,20,03,02,41,23,42,22
2021,239,10,17,02,24,11,04,08
2021,240,10,29,22,43,23,31,26
2021,241,12,07,02,04,43,49,11
2021,242,23,26,11,42,06,49,38
2021,243,13,39,23,24,48,20,45
2021,244,15,30,37,47,33,16,28
2021,245,24,03,13,02,42,30,21
2021,246,09,40,48,34,24,22,19
2021,247,48,46,04,35,23,01,15
2021,248,07,16,02,26,40,04,24
2021,249,32,36,27,15,48,18,40
2021,250,38,39,44,25,12,37,14
2021,251,49,32,31,16,25,22,44
2021,252,08,48,28,15,11,43,31
2021,253,11,44,03,45,02,30,01
2021,254,04,28,25,36,11,19,43
2021,255,01,34,45,39,26,31,02
2021,256,01,20,36,48,21,41,19
2021,257,26,49,38,34,32,06,47
2021,258,30,49,37,43,22,41,05
2021,259,22,38,16,39,48,08,28
2021,260,29,11,45,47,22,48,16
2021,261,35,40,02,47,15,28,01
2021,262,37,02,43,28,39,36,33
2021,263,29,03,49,22,38,23,10
2021,264,19,37,27,46,05,20,08
2021,265,47,22,43,25,18,38,40
2021,266,18,45,02,40,07,49,05
2021,267,01,05,44,04,02,32,46
2021,268,31,36,20,09,37,33,22
2021,269,25,11,21,39,01,03,16
2021,270,48,44,21,18,19,25,12
2021,271,09,11,15,24,41,32,33
2021,272,40,47,09,21,41,35,46
2021,273,40,12,24,05,35,38,06
2021,274,05,06,38,48,41,20,44
2021,275,06,14,45,29,30,24,33
2021,276,48,45,17,30,36,27,02
2021,277,45,05,35,10,33,04,34
2021,278,02,30,48,13,49,24,19
2021,279,32,30,16,04,38,14,05
2021,280,02,28,12,40,29,15,48
2021,281,13,35,07,02,15,37,23
2021,282,36,25,39,40,22,12,46
2021,283,36,47,44,40,11,12,26
2021,284,34,06,01,02,47,27,14
2021,285,04,23,08,40,39,02,03
2021,286,14,18,16,28,23,06,09
2021,287,13,36,12,49,10,40,08
2021,288,19,45,22,40,30,47,15
2021,289,11,33,22,42,49,08,17
2021,290,28,44,21,03,36,20,39
2021,291,30,33,01,16,37,15,24
2021,292,34,26,29,17,14,01,37
2021,293,29,33,42,09,06,22,30
2021,294,34,25,48,37,32,06,41
2021,295,05,08,43,06,13,28,32
2021,296,10,44,16,45,14,08,37
2021,297,49,23,08,16,34,11,44
2021,298,45,18,42,44,08,25,40
2021,299,01,33,22,15,41,37,36
2021,300,25,48,35,26,43,05,36
2021,301,39,17,11,02,32,49,03
2021,302,21,42,05,30,14,28,25
2021,303,19,48,41,43,03,29,42
2021,304,33,01,48,36,11,13,34
2021,305,16,18,10,27,15,14,30
2021,306,05,18,38,10,35,31,11
2021,307,34,30,44,25,13,10,35
2021,308,30,42,35,49,03,29,05
2021,309,24,37,11,01,17,42,19
2021,310,23,36,07,46,14,39,47
2021,311,11,06,24,36,47,12,25
2021,312,10,15,25,17,28,01,06
2021,313,17,06,39,22,09,44,45
2021,314,19,01,39,44,35,03,41
2021,315,36,16,43,39,45,01,17
2021,316,47,11,08,31,44,06,42
2021,317,40,43,14,29,04,01,23
2021,318,30,49,20,24,09,48,37
2021,319,32,46,24,36,27,23,34
2021,320,46,37,05,10,30,21,39
2021,321,45,40,30,29,01,16,43
2021,322,42,34,08,25,22,07,39
2021,323,05,19,33,02,21,29,07
2021,324,28,30,38,16,29,34,22
2021,325,39,43,27,02,44,13,09
2021,326,01,29,40,27,17,06,38
2021,327,49,21,03,14,26,09,44
2021,328,14,27,21,31,48,47,30
2021,329,43,40,17,14,30,44,35
2021,330,05,34,22,01,09,04,06
2021,331,32,03,20,40,29,37,39
2021,332,07,30,41,20,44,31,03
2021,333,25,47,20,27,38,03,32
2021,334,21,20,24,43,06,08,37
2021,335,25,18,44,11,41,43,37
2021,336,39,19,42,27,10,13,02
2021,337,25,32,31,21,35,47,07
2021,338,07,19,01,15,37,34,18
2021,339,32,26,09,02,36,25,49
2021,340,24,44,49,12,40,41,25
2021,341,45,19,08,30,39,22,43
2021,342,01,41,15,49,10,02,46
2021,343,02,31,15,03,34,40,33
2021,344,45,11,43,02,03,49,01
2021,345,10,15,07,44,23,36,39
2021,346,08,13,02,01,20,06,11
2021,347,45,35,11,16,28,48,37
2021,348,40,31,29,37,02,16,08
2021,349,40,48,34,37,49,03,38
2021,350,13,16,09,24,08,14,48
2021,351,19,30,49,39,27,46,45
2021,352,28,23,38,02,35,19,25
2021,353,47,39,08,14,07,16,18
2021,354,18,43,23,15,25,48,14
2021,355,24,36,26,13,40,11,43
2021,356,47,03,27,28,38,43,44
2021,357,08,36,26,38,45,30,46
2021,358,43,49,25,35,19,07,17
2021,359,08,18,41,03,19,05,22
2021,360,16,47,38,23,15,42,32
2021,361,46,10,06,44,49,19,20
2021,362,26,22,02,38,27,11,45
2021,363,08,29,24,06,02,12,20
2021,364,22,33,09,32,17,06,16
2021,365,45,17,23,47,22,03,39
2022,001,49,26,05,28,07,02,22
2022,002,25,22,43,34,37,41,21
2022,003,40,17,05,29,18,03,47
2022,004,03,22,39,31,20,09,10
2022,005,44,45,15,11,46,23,10
2022,006,12,39,23,01,29,44,17
2022,007,38,49,26,13,33,46,39
2022,008,04,43,44,31,33,11,49
2022,009,31,49,47,07,06,28,35
2022,010,26,06,03,04,42,40,48
2022,011,13,07,36,08,26,25,38
2022,012,47,32,04,02,22,27,38
2022,013,29,04,48,33,31,13,32
2022,014,25,44,32,08,36,46,33
2022,015,45,01,12,22,23,17,20
2022,016,12,46,09,36,49,27,06
2022,017,23,46,30,34,37,22,24
2022,018,49,42,23,05,08,20,39
2022,019,49,04,07,29,27,17,09
2022,020,49,21,29,48,10,43,19
2022,021,05,48,26,25,02,16,03
2022,022,27,15,33,48,19,01,14
2022,023,12,23,39,47,49,04,19
2022,024,27,38,28,20,35,17,12
2022,025,18,20,12,19,43,26,33
2022,026,23,01,13,41,38,43,04
2022,027,21,24,20,22,31,39,19
2022,028,42,48,22,06,45,39,46
2022,029,21,17,19,43,32,20,49
2022,030,36,30,39,17,22,19,01
2022,031,35,22,09,44,06,13,41
2022,032,32,37,26,27,34,28,16
2022,033,47,13,28,32,07,14,26
2022,034,02,28,44,13,18,33,12
2022,035,08,47,24,32,36,33,49
2022,036,34,32,27,30,08,02,42
2022,037,22,27,45,03,26,30,32
2022,038,33,36,19,48,08,49,21
2022,039,01,11,12,14,46,23,03
2022,040,33,13,16,14,44,31,21
2022,041,12,42,43,36,26,03,08
2022,042,36,03,10,49,16,39,35
2022,043,46,27,12,08,04,42,39
2022,044,23,05,15,01,17,14,11
2022,045,05,36,28,20,14,42,21
2022,046,11,44,47,26,15,41,43
2022,047,35,37,26,06,38,10,19
2022,048,21,44,01,08,15,02,39
2022,049,26,03,22,17,04,45,25
2022,050,10,14,31,33,13,47,42
2022,051,14,10,04,02,43,35,13
2022,052,16,14,19,05,24,34,10
2022,053,21,07,46,23,37,19,27
2022,054,11,23,05,30,25,43,02
2022,055,37,06,20,11,15,12,40
2022,056,39,11,04,06,35,12,27
2022,057,39,03,32,28,48,16,29
2022,058,05,30,47,24,36,34,16
2022,059,47,07,06,14,13,11,28
2022,060,07,16,29,43,26,05,08
2022,061,17,43,32,39,27,11,24
2022,062,05,21,14,17,39,26,08
2022,063,36,17,19,27,03,38,07
2022,064,48,09,36,31,19,46,40
2022,065,06,38,44,09,28,19,02
2022,066,24,11,01,04,08,18,06
2022,067,17,29,15,27,09,11,12
2022,068,14,09,05,46,22,28,08
2022,069,39,04,45,23,18,19,11
2022,070,08,43,48,46,23,19,22
2022,071,06,18,19,44,49,17,30
2022,072,11,48,47,49,05,23,42
2022,073,30,33,09,02,43,15,19
2022,074,16,45,29,31,49,30,02
2022,075,18,05,14,33,31,29,32
2022,076,36,28,12,46,09,11,23
2022,077,02,22,17,29,04,45,31
2022,078,12,28,01,16,39,27,46
2022,079,45,18,17,24,49,16,28
2022,080,37,20,48,06,46,28,22
2022,081,04,43,31,48,38,15,26
2022,082,21,28,46,13,05,43,45
2022,083,49,08,07,01,45,17,04
2022,084,14,04,10,18,41,38,06
2022,085,24,20,49,42,02,48,13
2022,086,07,02,32,23,26,11,34
2022,087,10,16,49,40,33,03,19
2022,088,39,31,41,28,37,34,05
2022,089,07,48,41,43,04,22,11
2022,090,41,32,09,16,42,22,06
2022,091,41,07,48,15,11,09,49
2022,092,41,12,23,37,46,03,35
2022,093,06,21,01,46,25,39,31
2022,094,49,17,12,07,33,05,08
2022,095,27,05,02,43,47,06,07
2022,096,18,25,10,35,06,26,09
2022,097,08,30,12,25,04,35,24
2022,098,46,24,28,34,29,10,49
2022,099,22,07,29,39,08,24,40
2022,100,48,44,38,10,14,46,36
2022,101,49,09,38,20,30,44,05
2022,102,49,10,29,48,44,34,08
2022,103,11,45,44,43,30,42,22
2022,104,39,22,25,01,07,46,36
2022,105,14,34,07,03,49,37,22
2022,106,18,49,30,01,42,39,34
2022,107,26,29,22,36,45,10,14
2022,108,33,23,46,25,28,26,40
2022,109,47,48,16,22,36,32,43
2022,110,34,37,27,31,14,04,16
2022,111,39,48,37,41,08,21,10
2022,112,24,22,05,31,10,08,21
2022,113,32,27,25,49,26,04,09
2022,114,44,11,16,14,10,04,27
2022,115,42,21,39,36,27,33,11
2022,116,40,05,36,32,39,22,46
2022,117,03,14,22,38,27,10,16
2022,118,33,03,15,32,43,06,34
2022,119,26,05,16,45,24,04,32
2022,120,49,47,25,15,03,45,32
2022,121,21,05,43,22,46,38,36
2022,122,32,45,43,15,04,18,16
2022,123,16,20,37,10,03,02,17
2022,124,29,26,33,40,38,07,46
2022,125,07,05,15,02,44,27,48
2022,126,25,14,07,12,03,32,45
2022,127,34,01,12,16,36,27,42
2022,128,35,07,26,06,39,11,12
2022,129,24,14,06,25,34,17,48
2022,130,04,27,30,09,17,11,47
2022,131,28,01,03,42,34,17,45
2022,132,15,44,27,33,07,18,19
2022,133,32,38,36,47,15,41,27
2022,134,49,28,29,11,01,36,40
2022,135,43,12,40,10,24,18,03
2022,136,43,28,20,30,23,13,17
2022,137,32,07,45,04,18,39,48
2022,138,10,14,21,43,31,08,22
2022,139,45,29,11,09,48,40,21
2022,140,07,24,26,44,08,43,19
2022,141,12,11,22,25,28,23,27
2022,142,31,48,02,13,03,14,06
2022,143,36,33,17,09,16,11,02
2022,144,48,12,30,04,05,33,28
2022,145,26,45,33,24,49,05,06
2022,146,16,47,07,38,14,31,17
2022,147,17,21,44,08,22,09,42
2022,148,45,12,08,22,31,17,04
2022,149,40,01,18,43,17,34,47
2022,150,22,31,19,08,12,15,41
2022,151,16,04,08,21,37,18,05
2022,152,41,06,05,30,25,33,14
2022,153,30,06,48,32,28,02,49
2022,154,39,21,04,37,05,27,30
2022,155,28,02,16,46,03,48,18
2022,156,27,41,40,33,11,29,12
2022,157,49,08,14,39,40,05,16
2022,158,39,42,08,04,25,17,35
2022,159,19,42,36,31,44,16,26
2022,160,20,30,33,26,07,19,14
2022,161,23,01,36,15,30,42,02
2022,162,03,05,42,49,24,33,39
2022,163,37,03,31,49,10,26,45
2022,164,25,31,02,36,21,15,49
2022,165,48,04,49,02,09,11,40
2022,166,22,15,01,14,07,17,04
2022,167,46,03,14,27,33,42,47
2022,168,41,43,42,25,06,15,08
2022,169,13,09,41,31,20,47,19
2022,170,07,43,23,12,32,37,49
2022,171,09,42,20,30,27,16,49
2022,172,45,09,29,21,48,18,34
2022,173,36,43,30,40,38,22,01
2022,174,33,37,47,13,15,02,42
2022,175,13,31,04,47,32,06,20
2022,176,03,47,08,40,15,49,31
2022,177,22,36,10,29,37,32,20
2022,178,35,22,04,29,30,48,41
2022,179,15,20,35,03,26,12,40
2022,180,05,16,38,24,12,18,44
2022,181,39,02,21,23,31,26,16
2022,182,06,43,02,12,10,40,48
2022,183,14,47,08,45,40,36,26
2022,184,34,06,44,17,21,30,08
2022,185,49,47,31,16,35,12,04
2022,186,01,43,12,34,17,32,31
2022,187,34,09,41,35,12,48,44
2022,188,12,04,09,28,32,03,19
2022,189,40,41,29,38,07,09,35
2022,190,26,15,32,34,12,24,25
2022,191,22,05,03,27,34,08,25
2022,192,01,12,34,13,16,38,08
2022,193,36,40,19,26,03,37,04
2022,194,26,45,29,21,48,13,02
2022,195,13,39,28,07,11,31,03
2022,196,08,37,39,44,33,21,13
2022,197,32,36,42,20,46,29,35
2022,198,01,09,14,34,07,17,29
2022,199,42,37,38,08,29,33,13
2022,200,26,31,19,03,07,28,39
2022,201,23,40,13,37,42,48,19
2022,202,26,16,46,43,36,20,44
2022,203,32,29,12,07,31,33,08
2022,204,05,19,36,34,01,33,11
2022,205,35,19,40,05,46,03,44
2022,206,46,01,18,10,43,17,12
2022,207,30,23,40,14,03,01,19
2022,208,17,36,45,39,47,25,30
2022,209,14,06,21,20,01,12,48
2022,210,26,13,07,01,24,35,18
2022,211,28,26,36,43,30,04,44
2022,212,36,13,11,15,49,20,39
2022,213,05,12,07,01,08,19,42
2022,214,43,11,04,20,44,03,41
2022,215,05,14,41,36,21,40,26
2022,216,45,14,40,30,04,05,47
2022,217,46,14,28,07,45,16,25
2022,218,28,03,37,12,33,09,18
2022,219,24,44,20,03,23,32,41
2022,220,11,24,02,48,23,06,15
2022,221,39,23,04,28,06,31,47
2022,222,01,09,03,22,08,35,24
2022,223,15,24,43,44,48,46,04
2022,224,09,43,22,47,32,38,24
2022,225,20,45,30,13,32,01,10
2022,226,43,36,09,12,06,45,47
2022,227,26,03,12,24,19,07,39
2022,228,24,06,18,21,05,45,35
2022,229,12,04,36,44,33,19,39
2022,230,46,26,06,19,22,12,41
2022,231,28,06,33,04,38,09,15
2022,232,25,36,08,21,14,18,22
2022,233,27,19,35,01,04,40,41
2022,234,11,37,22,47,45,27,31
2022,235,33,04,45,23,06,02,31
2022,236,10,47,44,27,39,15,09
2022,237,41,11,43,45,47,14,27
2022,238,07,45,33,35,37,38,20
2022,239,11,12,35,23,10,01,17
2022,240,18,19,29,22,34,20,05
2022,241,03,36,13,34,24,42,06
2022,242,14,42,30,31,41,18,33
2022,243,03,45,05,18,42,16,49
2022,244,18,30,23,20,03,40,26
2022,245,32,02,21,37,39,04,29
2022,246,31,03,01,38,25,10,46
2022,247,30,05,10,02,39,29,04
2022,248,34,32,14,16,13,43,10
2022,249,42,37,35,38,24,34,13
2022,250,22,05,07,14,17,10,21
2022,251,11,33,32,16,41,17,38
2022,252,13,21,02,07,39,32,25
2022,253,08,06,29,42,04,43,05
2022,254,01,03,34,42,40,41,43
2022,255,36,48,03,18,27,43,20
2022,256,48,44,14,22,30,24,19
2022,257,38,34,30,22,15,49,07
2022,258,27,18,39,01,17,24,12
2022,259,09,26,01,49,38,34,17
2022,260,02,16,05,42,44,04,08
2022,261,06,29,33,48,20,31,18
2022,262,22,26,19,08,05,20,03
2022,263,37,05,06,34,48,24,40
2022,264,08,27,24,13,31,49,06
2022,265,42,44,04,05,26,10,49
2022,266,40,31,09,29,20,37,45
2022,267,34,40,20,37,48,30,09
2022,268,32,07,31,05,47,24,04
2022,269,24,10,08,23,14,37,21
2022,270,09,43,44,32,42,39,04
2022,271,15,14,43,11,09,23,01
2022,272,37,28,29,04,42,18,07
2022,273,40,06,10,38,04,49,47
2022,274,20,37,10,27,16,08,48
2022,275,48,49,03,09,15,38,18
2022,276,45,48,36,09,44,19,12
2022,277,27,13,03,20,36,02,14
2022,278,45,20,48,21,19,35,03
2022,279,10,29,49,22,35,41,20
2022,280,26,20,10,09,01,45,18
2022,281,05,12,22,28,15,16,49
2022,282,45,24,10,12,22,18,28
2022,283,29,36,06,28,45,22,18
2022,284,25,14,27,28,33,49,40
2022,285,36,45,07,14,30,08,37
2022,286,41,38,03,49,04,22,09
2022,287,21,13,11,15,04,18,43
2022,288,06,13,03,11,09,38,26
2022,289,17,05,08,11,28,01,45
2022,290,26,04,32,34,11,22,19
2022,291,20,37,17,33,44,12,35
2022,292,23,49,28,03,45,42,47
2022,293,35,36,42,17,33,07,06
2022,294,21,18,05,23,41,44,06
2022,295,23,09,19,27,33,44,10
2022,296,26,34,43,36,30,40,14
2022,297,14,34,46,01,02,18,17
2022,298,01,11,04,35,34,13,39
2022,299,32,48,07,33,26,04,03
2022,300,41,25,43,04,49,23,42
2022,301,20,24,36,16,49,13,09
2022,302,13,08,06,30,49,05,44
2022,303,08,43,25,37,24,48,23
2022,304,18,44,26,37,16,46,02
2022,305,35,19,20,13,23,44,48
2022,306,01,34,04,28,20,31,33
2022,307,25,23,08,46,44,49,30
2022,308,25,31,39,26,06,44,36
2022,309,15,28,35,43,13,11,33
2022,310,33,31,39,16,49,14,46
2022,311,45,48,34,42,13,18,20
2022,312,05,21,44,26,27,38,01
2022,313,28,37,38,01,49,20,10
2022,314,17,42,41,20,18,37,15
2022,315,47,36,48,33,16,13,14
2022,316,03,37,25,38,12,24,44
2022,317,27,19,22,31,12,06,38
2022,318,34,23,26,16,44,43,11
2022,319,04,06,48,28,42,41,03
2022,320,28,32,49,40,41,23,38
2022,321,33,37,40,05,19,32,17
2022,322,40,48,07,34,32,41,05
2022,323,37,02,24,10,25,32,05
2022,324,40,02,12,29,27,21,01
2022,325,07,27,35,29,47,33,08
2022,326,49,35,10,24,08,15,11
2022,327,03,45,10,07,01,27,11
2022,328,19,20,34,41,12,35,30
2022,329,36,43,17,24,15,47,31
2022,330,15,29,33,31,39,09,38
2022,331,06,31,18,46,38,36,29
2022,332,44,37,35,06,21,36,20
2022,333,48,30,17,16,02,04,24
2022,334,30,21,43,48,15,42,45
2022,335,21,13,34,28,42,27,26
2022,336,45,44,39,27,24,29,01
2022,337,08,13,14,31,16,39,21
2022,338,21,48,02,44,07,38,37
2022,339,18,07,30,25,46,11,29
2022,340,36,38,42,48,39,07,06
2022,341,43,35,13,46,45,38,07
2022,342,19,33,04,42,10,37,03
2022,343,13,36,01,44,17,31,03
2022,344,19,41,47,25,16,49,38
2022,345,12,48,28,04,31,47,25
2022,346,31,45,30,44,49,09,36
2022,347,32,03,23,31,02,48,26
2022,348,25,16,39,24,10,03,45
2022,349,43,29,10,12,15,04,41
2022,350,43,29,07,10,01,32,33
2022,351,17,47,49,14,20,07,48
2022,352,37,17,29,36,26,38,10
2022,353,34,41,48,25,17,47,02
2022,354,48,12,18,32,23,04,26
2022,355,48,31,10,19,38,15,13
2022,356,47,21,29,30,13,09,35
2022,357,37,10,06,43,02,42,30
2022,358,10,12,49,48,38,32,47
2022,359,24,42,23,18,10,16,48
2022,360,47,03,24,12,44,16,46
2022,361,38,47,28,35,34,09,48
2022,362,32,02,10,43,06,08,07
2022,363,27,36,33,42,20,11,49
2022,364,47,48,03,46,20,35,17
2022,365,06,21,10,20,03,45,22
2023,001,01,49,14,23,31,46,32
2023,002,34,48,41,24,30,04,39
2023,003,10,35,43,30,47,36,18
2023,004,26,21,13,03,49,41,39
2023,005,44,09,21,36,03,49,41
2023,006,32,12,26,20,08,48,47
2023,007,14,47,42,27,23,39,26
2023,008,43,11,30,28,20,05,06
2023,009,14,23,26,49,18,43,09
2023,010,24,12,20,46,42,15,09
2023,011,06,20,27,25,44,05,16
2023,012,06,02,23,22,10,03,49
2023,013,35,20,12,44,07,36,15
2023,014,36,07,16,39,01,30,13
2023,015,40,42,30,16,07,08,12
2023,016,43,25,38,06,17,11,36
2023,017,23,33,13,07,49,05,48
2023,018,35,29,17,11,46,32,26
2023,019,30,45,15,17,12,19,32
2023,020,44,31,26,04,38,03,49
2023,021,47,37,27,39,19,18,45
2023,022,40,12,14,19,18,02,07
2023,023,17,47,34,44,27,13,40
2023,024,02,38,01,48,27,11,36
2023,025,04,11,16,38,29,26,09
2023,026,45,06,43,25,05,34,32
2023,027,12,43,30,09,02,36,35
2023,028,45,19,12,48,28,20,02
2023,029,24,47,40,42,08,36,18
2023,030,07,01,43,48,37,44,36
2023,031,23,09,42,44,37,10,11
2023,032,38,07,08,01,30,19,11
2023,033,14,16,13,41,07,20,04
2023,034,02,30,15,41,34,42,47
2023,035,34,10,42,27,32,38,48
2023,036,09,35,03,14,01,42,04
2023,037,47,23,44,45,39,42,21
2023,038,41,04,01,21,47,38,30
2023,039,17,42,10,08,07,26,09
2023,040,18,01,22,39,28,02,31
2023,041,09,37,29,34,05,22,23
2023,042,06,20,19,34,02,16,05
2023,043,06,41,23,13,21,05,39
2023,044,08,32,44,49,15,07,11
2023,045,31,03,07,26,05,18,16
2023,046,44,25,11,13,40,08,30
2023,047,38,45,43,28,02,31,12
2023,048,10,19,25,26,29,22,02
2023,049,35,16,29,11,19,43,13
2023,050,22,26,32,43,11,49,23
2023,051,40,35,29,26,46,11,05
2023,052,27,01,03,08,29,28,26
2023,053,35,31,38,41,43,36,21
2023,054,24,19,14,37,45,43,46
2023,055,18,27,11,46,31,03,06
2023,056,01,35,31,16,48,28,21
2023,057,18,24,32,21,30,38,03
2023,058,39,37,09,19,16,47,49
2023,059,41,45,49,31,40,44,39
2023,060,17,36,45,02,48,11,04
2023,061,16,12,39,27,36,41,46
2023,062,45,40,33,08,39,46,27
2023,063,10,35,49,22,34,33,32
2023,064,26,28,45,08,21,02,46
2023,065,41,30,10,17,34,14,09
2023,066,47,24,23,02,27,28,42
2023,067,27,33,38,13,43,39,08
2023,068,25,22,08,17,14,46,48
2023,069,40,25,43,12,32,06,20
2023,070,36,28,17,37,22,01,40
2023,071,11,42,13,43,10,32,49
2023,072,48,33,17,40,20,16,06
2023,073,27,12,42,01,10,24,09
2023,074,40,12,20,08,33,29,02
2023,075,39,45,19,09,11,49,18
2023,076,09,12,38,14,47,45,07
2023,077,47,30,37,39,22,44,21
2023,078,45,30,05,49,25,22,37
2023,079,22,25,15,41,48,12,05
2023,080,13,10,39,28,22,21,19
2023,081,21,24,18,17,27,39,35
2023,082,23,30,13,36,43,02,25
2023,083,11,16,18,15,44,28,01
2023,084,25,43,34,04,20,38,39
2023,085,36,38,40,24,31,06,37
2023,086,32,37,14,24,01,10,30
2023,087,03,45,18,01,14,44,31
2023,088,06,32,17,14,37,47,27
2023,089,29,05,31,08,14,45,06
2023,090,21,13,41,12,24,48,30
2023,091,06,08,13,32,40,28,35
2023,092,48,27,17,20,39,10,33
2023,093,02,49,37,16,36,04,44
2023,094,09,05,39,43,38,11,01
2023,095,11,30,09,25,41,04,24
2023,096,25,16,08,07,01,26,04
2023,097,18,40,30,47,14,44,13
2023,098,39,35,16,21,45,11,28
2023,099,08,11,32,44,29,04,06
2023,100,35,38,29,39,41,02,08
2023,101,49,21,41,35,45,32,23
2023,102,30,19,35,41,10,46,47
2023,102,30,19,35,41,10,46,47
2023,103,15,16,12,20,31,23,39
2023,104,06,29,17,31,12,26,24
2023,105,47,44,24,40,20,12,33
2023,106,43,48,41,12,30,45,16
2023,107,19,04,06,47,46,21,28
2023,108,39,49,41,09,47,11,20
2023,109,47,38,26,03,15,09,36
2023,110,29,35,44,49,13,11,16
2023,111,37,12,36,13,45,16,18
2023,112,43,17,48,47,12,40,14
2023,113,41,15,23,48,32,13,01
2023,114,31,11,25,26,23,17,43
2023,115,04,39,40,46,49,32,15
2023,116,07,14,02,21,06,28,49
2023,117,22,30,38,03,39,14,41
2023,118,41,30,13,02,15,10,01
2023,119,33,16,20,23,22,48,28
2023,120,25,27,49,39,37,22,44
2023,121,08,23,42,41,03,20,30
2023,122,09,45,37,01,28,30,42
2023,123,48,40,15,19,36,04,21
2023,124,42,34,26,32,28,29,35
2023,125,09,26,28,05,16,12,22
2023,126,24,29,10,38,20,31,11
2023,127,05,42,30,20,28,24,02
2023,128,20,07,14,12,23,47,31
2023,129,07,46,34,15,45,14,35
2023,130,40,14,24,18,07,32,21
2023,131,28,05,38,23,29,08,43
2023,132,46,28,05,26,20,03,06
2023,133,30,06,15,26,13,12,43
2023,134,31,19,15,45,36,02,09
2023,135,08,06,03,09,12,27,07
2023,136,04,43,31,32,03,24,14
2023,137,19,18,29,43,07,33,06
2023,138,47,33,49,17,16,29,01
2023,139,24,09,39,36,12,11,07
2023,140,37,29,33,25,41,45,13
2023,141,49,36,41,19,15,14,17
2023,142,28,47,26,49,34,03,05
2023,143,41,32,44,12,46,25,29
2023,144,25,28,16,49,34,26,37
2023,145,44,33,20,30,04,46,06
2023,146,01,36,44,16,43,30,14
2023,147,09,11,29,47,30,08,22
2023,148,15,42,38,41,37,31,01
2023,149,10,03,12,29,14,31,33
2023,150,15,14,29,02,04,07,06
2023,151,15,29,43,16,35,33,30
2023,152,32,23,19,41,29,17,12
2023,153,22,23,42,29,37,12,19
2023,154,35,47,01,25,08,32,03
2023,155,38,36,42,40,23,21,07
2023,156,04,22,37,01,25,46,43
2023,157,48,03,33,49,35,46,44
2023,158,29,38,49,48,18,10,04
2023,159,31,08,01,20,38,45,14
2023,160,22,45,01,03,24,17,42
2023,161,41,19,34,12,15,44,05
2023,162,07,28,26,11,02,24,17
2023,163,35,31,39,30,06,44,37
2023,164,15,42,04,26,02,30,10
2023,165,14,22,01,05,40,16,17
2023,166,27,41,07,04,25,17,06
2023,167,49,31,01,15,18,32,46
2023,168,18,29,21,33,42,49,12
2023,169,46,42,02,26,32,30,04
2023,170,15,31,34,24,05,01,10
2023,171,39,35,48,47,41,09,10
2023,172,38,40,03,31,33,08,12
2023,173,40,10,08,31,09,25,36
2023,174,34,20,12,19,28,18,41
2023,175,30,37,12,44,24,20,06
2023,176,26,43,37,45,46,02,32
2023,177,33,24,40,32,34,01,44
2023,178,35,21,10,18,14,36,02
2023,179,48,28,35,07,25,03,04
2023,180,48,24,40,16,38,22,34
2023,181,32,02,17,45,08,19,23
2023,182,01,04,41,18,29,32,08
2023,183,16,03,25,23,49,37,43
2023,184,25,08,21,19,43,22,36
2023,185,31,07,29,03,46,18,08
2023,186,35,24,04,27,47,18,01
2023,187,01,05,24,34,19,28,31
2023,188,18,04,27,13,31,33,46
2023,189,25,04,07,10,22,41,46
2023,190,42,49,17,23,14,43,03
2023,191,01,21,17,27,29,31,48
2023,192,02,04,35,27,17,29,44
2023,193,44,13,02,37,46,21,08
2023,194,37,08,44,26,43,06,31
2023,195,16,14,47,03,35,36,29
2023,196,24,05,26,04,34,43,47
2023,197,39,10,09,34,40,17,32
2023,198,27,41,34,48,45,33,18
2023,199,33,42,36,21,28,49,08
2023,200,36,34,45,26,42,33,44
2023,201,27,35,32,41,19,29,03
2023,202,33,26,01,27,10,02,04
2023,203,22,14,36,19,06,33,25
2023,204,40,02,17,23,37,15,03
2023,205,03,31,33,17,24,36,11
2023,206,31,21,42,23,03,17,38
2023,207,47,07,19,15,10,37,49
2023,208,04,03,46,24,35,07,28
2023,209,02,03,19,42,39,48,40
2023,210,10,22,08,03,27,06,07
2023,211,22,25,09,23,30,18,28
2023,212,27,39,32,09,26,11,34
2023,213,38,29,09,41,27,46,42
2023,214,12,49,34,48,37,47,14
2023,215,09,12,30,25,29,19,49
2023,216,22,39,12,35,01,20,36
2023,217,41,37,06,01,02,46,18
2023,218,41,10,21,37,11,31,19
2023,219,41,45,31,17,22,30,10
2023,220,18,17,22,46,32,26,20
2023,221,43,26,01,33,27,06,38
2023,222,14,04,34,09,15,38,31
2023,223,12,39,19,05,27,06,09
2023,224,03,28,42,25,07,22,45
2023,225,31,14,13,08,22,16,29
2023,226,13,41,09,31,16,38,20
2023,227,38,21,19,33,31,49,03
2023,228,25,36,26,17,24,45,29
2023,229,28,15,45,37,03,11,33
2023,230,47,07,26,17,44,48,36
2023,231,34,16,01,21,42,41,45
2023,232,40,42,24,02,17,23,13
2023,233,25,23,45,05,41,13,12
2023,234,21,20,34,07,01,43,13
2023,235,27,34,26,48,45,10,04
2023,236,23,22,09,04,37,46,19
2023,237,46,24,29,13,48,23,15
2023,238,19,04,42,30,07,20,23
2023,239,24,04,33,34,11,02,14
2023,240,12,25,30,03,38,36,17
2023,241,45,02,24,17,34,16,20
2023,242,47,07,12,30,37,05,20
2023,243,20,15,08,29,23,16,18
2023,244,07,30,41,36,16,03,25
2023,245,02,20,46,16,36,48,37
2023,246,44,42,29,35,28,39,13
2023,247,24,35,13,47,30,41,03
2023,248,13,49,47,30,39,38,21
2023,249,21,07,27,26,35,09,29
2023,250,07,10,01,34,44,36,14
2023,251,35,38,30,44,42,16,34
2023,252,28,16,33,32,07,42,09
2023,253,18,44,29,42,12,02,26
2023,254,14,37,30,45,28,09,49
2023,255,19,23,17,46,11,15,01
2023,256,28,33,44,26,31,03,34
2023,257,16,24,06,34,14,09,36
2023,258,07,21,16,27,32,41,09
2023,259,14,48,20,30,24,18,29
2023,260,15,46,20,10,48,43,17
2023,261,28,23,09,01,25,27,20
2023,262,40,44,25,46,41,13,31
2023,263,44,27,06,05,36,49,39
2023,264,40,33,27,04,42,06,09
2023,265,40,32,30,37,08,17,25
2023,266,26,42,16,37,14,22,02
2023,267,20,25,44,40,09,13,32
2023,268,43,49,46,05,31,47,03
2023,269,40,48,24,01,02,15,13
2023,270,45,05,42,03,37,28,08
2023,271,10,33,29,22,03,01,39
2023,272,32,41,08,22,31,46,27
2023,273,01,25,15,10,05,39,28
2023,274,25,28,43,09,32,39,13
2023,275,24,46,27,15,43,29,10
2023,276,26,35,48,16,11,18,08
2023,277,45,34,41,11,10,14,18
2023,278,11,29,02,40,44,48,39
2023,279,24,02,46,26,16,15,10
2023,280,11,36,41,09,18,04,46
2023,281,40,44,10,47,01,27,16
2023,282,09,45,01,26,14,11,38
2023,283,39,36,43,10,20,47,33
2023,284,10,39,24,02,42,44,06
2023,285,35,07,21,18,14,47,41
2023,286,05,27,32,02,46,14,19
2023,287,23,06,29,03,36,26,39
2023,288,36,05,34,46,15,04,23
2023,289,43,39,30,28,29,02,21
2023,290,47,37,01,36,05,28,42
2023,291,17,32,39,10,14,25,48
2023,292,34,10,29,45,40,37,25
2023,293,30,41,19,17,26,32,20
2023,294,23,40,20,34,18,16,35
2023,295,07,20,22,40,34,32,44
2023,296,24,25,15,31,08,01,20
2023,297,25,34,37,16,17,42,39
2023,298,22,41,26,45,18,17,32
2023,299,31,36,34,48,41,03,24
2023,300,24,14,38,49,21,09,36
2023,301,18,06,15,07,30,05,25
2023,302,30,23,31,39,11,22,32
2023,303,03,36,24,41,39,26,15
2023,304,12,24,04,31,11,47,28
2023,305,35,43,11,38,22,46,34
2023,306,24,16,41,13,32,20,28
2023,307,30,37,38,19,22,05,16
2023,308,42,19,22,05,16,04,48
2023,309,20,08,07,22,44,03,16
2023,310,17,30,16,06,44,24,13
2023,311,42,45,21,02,15,20,30
2023,312,03,20,43,02,37,26,05
2023,313,17,15,28,48,43,30,10
2023,314,07,25,11,29,21,32,26
2023,315,41,27,18,02,25,40,29
2023,316,23,39,37,02,22,01,48
2023,317,14,02,30,34,33,48,41
2023,318,15,35,11,48,20,01,49
2023,319,14,49,09,35,06,01,42
2023,320,30,25,01,32,08,49,23
2023,321,02,30,06,04,38,41,19
2023,322,31,24,13,48,37,49,32
2023,323,29,05,41,14,36,07,02
2023,324,24,35,30,28,05,02,26
2023,325,02,22,12,05,17,10,07
2023,326,12,46,40,02,31,22,35
2023,327,11,14,06,25,44,15,21
2023,328,13,02,10,49,12,08,01
2023,329,06,09,27,26,02,23,35
2023,330,47,48,12,03,11,29,18
2023,331,13,22,34,08,37,39,46
2023,332,12,18,37,04,16,13,08
2023,333,36,34,35,41,18,33,37
2023,334,15,13,28,46,47,21,06
2023,335,48,45,16,12,03,18,24
2023,336,07,11,49,21,36,30,31
2023,337,48,01,05,17,49,45,16
2023,338,34,29,26,35,19,07,41
2023,339,02,18,44,17,37,01,10
2023,340,18,20,19,35,31,39,46
2023,341,15,23,37,38,49,32,34
2023,342,49,24,09,35,37,44,05
2023,343,16,47,33,18,38,22,01
2023,344,03,46,25,31,40,49,47
2023,345,35,18,22,40,04,20,07
2023,346,40,16,06,43,46,37,09
2023,347,29,11,02,44,01,43,46
2023,348,36,19,47,15,03,02,37
2023,349,15,48,41,23,16,36,28
2023,350,27,19,40,07,49,36,14
2023,351,16,18,34,47,40,05,44
2023,352,29,19,23,13,15,34,41
2023,353,08,23,17,07,36,31,10
2023,354,35,14,07,46,15,06,13
2023,355,10,48,49,08,30,31,18
2023,356,26,46,49,05,14,04,29
2023,357,22,26,47,08,25,38,42
2023,358,49,25,19,43,40,04,01
2023,359,48,21,15,44,03,42,08
2023,360,30,41,25,33,17,38,26
2023,361,21,10,08,42,18,05,19
2023,362,43,02,29,25,18,44,36
2023,363,26,18,35,29,03,48,12
2023,364,48,29,27,35,10,31,01
2023,365,24,49,02,27,07,33,43
2024,001,44,25,03,16,10,20,06
2024,002,30,32,31,39,44,24,26
2024,003,42,40,30,05,14,45,19
2024,004,39,36,28,49,12,24,40
2024,005,01,44,16,22,38,32,19
2024,006,13,35,31,01,05,06,23
2024,007,36,10,03,05,04,08,19
2024,008,27,41,45,22,25,05,20
2024,009,11,17,12,15,22,07,06
2024,010,46,16,01,14,06,02,36
2024,011,45,14,09,24,29,32,43
2024,012,05,21,24,12,15,41,22
2024,013,26,34,38,08,17,24,18
2024,014,43,32,14,17,26,37,20
2024,015,38,29,32,18,20,33,39
2024,016,41,32,25,07,46,27,17
2024,017,49,31,03,39,18,41,23
2024,018,03,04,29,44,27,35,47
2024,019,34,23,19,22,45,27,17
2024,020,04,42,36,16,11,03,29
2024,021,12,15,08,38,36,21,35
2024,022,21,28,36,44,34,30,41
2024,023,11,41,43,33,48,36,20
2024,024,49,41,35,30,03,31,01
2024,025,23,27,21,34,14,10,32
2024,026,18,03,36,06,34,14,30
2024,027,06,23,07,31,18,47,28
2024,028,13,44,05,28,30,32,09
2024,029,19,09,26,30,35,27,16
2024,030,21,27,22,36,23,08,03
2024,031,12,40,31,48,26,15,07
2024,032,35,22,27,46,03,23,40
2024,033,48,44,45,26,29,25,30
2024,034,03,49,42,44,45,48,11
2024,035,12,48,38,15,20,18,44
2024,036,16,41,38,14,25,48,29
2024,037,18,42,20,39,49,04,10
2024,038,31,46,03,38,27,26,06
2024,039,41,17,14,08,10,27,19
2024,040,09,03,25,38,32,42,40
2024,041,45,04,19,12,06,27,41
2024,042,19,02,11,10,17,48,15
2024,043,16,01,29,39,37,07,42
2024,044,43,05,16,34,30,38,02
2024,045,17,09,22,40,37,13,28
2024,046,43,48,49,31,13,40,02
2024,047,14,29,36,10,13,33,09
2024,048,49,09,13,22,42,05,30
2024,049,31,28,44,29,40,36,35
2024,050,03,47,42,44,05,37,39
2024,051,08,36,43,06,29,35,12
2024,052,34,47,36,29,48,02,09
2024,053,10,15,24,47,40,33,25
2024,054,42,14,35,29,15,05,09
2024,055,40,48,22,47,16,18,31
2024,056,37,42,05,17,12,02,23
2024,057,23,31,07,32,47,26,46
2024,058,13,25,28,40,49,43,11
2024,059,15,25,09,43,49,46,30
2024,060,43,45,31,16,27,38,44
2024,061,20,44,13,37,05,26,33
2024,062,43,13,15,37,03,45,49
2024,063,43,25,36,24,18,32,31
2024,064,25,05,37,36,40,02,46
2024,065,18,02,21,16,26,43,04
2024,066,43,47,04,05,37,16,42
2024,067,30,44,23,42,31,01,34
2024,068,23,38,21,18,44,39,20
2024,069,41,40,38,03,19,07,08
2024,070,27,12,09,33,34,14,06
2024,071,48,06,23,29,02,04,03
2024,072,27,13,10,44,45,49,19
2024,073,13,41,07,31,26,27,34
2024,074,19,33,02,31,49,41,16
2024,075,22,26,03,19,44,38,16
2024,076,23,44,15,06,12,27,17
2024,077,09,45,43,41,49,04,32
2024,078,07,11,44,13,42,27,05
2024,079,15,19,42,48,02,34,44
2024,080,39,16,42,11,46,03,38
2024,081,07,05,22,23,21,36,13
2024,082,27,35,33,01,12,19,22
2024,083,38,32,35,25,48,19,22
2024,084,25,09,15,13,23,32,05
2024,085,13,17,47,01,38,12,35
2024,086,02,10,29,31,28,25,11
2024,087,02,21,29,46,43,13,06
2024,088,20,48,46,19,18,06,37
2024,089,24,12,21,18,16,36,13
2024,090,35,37,49,41,11,06,45
2024,091,02,30,17,28,35,49,34
2024,092,18,15,33,44,31,20,24
2024,093,38,10,42,47,03,04,41
2024,094,26,31,35,36,10,44,33
2024,095,30,19,38,01,17,46,48
2024,096,41,27,28,07,30,31,05
2024,097,25,39,13,11,46,30,10
2024,098,25,15,43,21,06,31,46
2024,099,02,18,11,26,23,44,28
2024,100,05,38,35,32,24,06,17
2024,101,29,07,45,06,26,27,21
2024,102,36,41,18,08,07,10,19
2024,103,36,19,33,09,20,03,05
2024,104,17,15,42,39,32,24,35
2024,105,19,07,14,10,30,16,49
2024,106,25,46,49,47,01,36,16
2024,107,26,21,04,12,16,45,46
2024,108,17,23,21,05,47,41,46
2024,109,22,41,30,40,02,25,43
2024,110,21,34,10,35,24,06,48
2024,111,18,01,40,16,37,34,43
2024,112,35,44,48,29,45,36,43
2024,113,39,37,48,49,05,19,24
2024,114,34,07,43,19,39,01,18
2024,115,23,46,10,44,20,33,29
2024,116,02,11,15,12,20,08,10
2024,117,43,09,14,29,19,45,25
2024,118,41,26,40,43,46,49,21
2024,119,09,16,20,02,27,40,32
2024,120,21,10,05,32,25,22,29
2024,121,15,24,08,43,33,47,02
2024,122,25,10,02,20,40,15,36
2024,123,09,07,19,11,10,31,21
2024,124,24,36,10,02,44,34,22
2024,125,19,17,09,26,15,35,12
2024,126,20,44,33,45,23,14,07
2024,127,19,41,45,30,34,15,48
2024,128,05,24,12,45,14,25,02
2024,129,19,08,28,21,47,33,49
2024,130,13,01,32,47,21,31,17
2024,131,23,31,12,27,05,43,04
2024,132,25,46,06,18,39,44,37
2024,133,08,09,14,03,23,04,19
2024,134,34,05,49,23,38,31,07
2024,135,03,17,44,34,47,40,46
2024,136,31,09,47,26,36,10,44
2024,137,20,42,15,26,01,10,16
2024,138,06,20,18,26,19,05,14
2024,139,26,43,10,12,25,46,14
2024,140,05,13,30,36,23,07,35
2024,141,23,05,19,06,28,46,43
2024,142,05,02,23,35,31,22,27
2024,143,31,34,42,35,38,28,12
2024,144,10,09,02,17,28,05,16
2024,145,45,29,27,23,11,38,02
2024,146,03,15,08,28,38,40,43
2024,147,21,33,06,17,38,35,02
2024,148,10,15,45,23,49,09,27
2024,149,12,32,45,46,01,06,22
2024,150,24,16,45,27,40,15,33
2024,151,12,41,09,05,44,26,48
2024,152,16,35,18,30,15,40,21
2024,153,34,28,08,27,06,16,32
2024,154,14,08,34,28,36,26,46
2024,155,40,29,23,47,07,32,44
2024,156,38,44,06,12,26,25,42
2024,157,11,13,47,29,41,48,45
2024,158,47,12,06,27,42,05,20
2024,159,29,07,44,49,06,01,43
2024,160,48,15,36,49,32,03,27
2024,161,20,23,19,41,47,11,35
2024,162,11,25,06,44,05,13,01
2024,163,20,31,25,42,27,01,40
2024,164,20,07,42,32,19,24,44
2024,165,40,17,26,37,41,29,03
2024,166,07,12,15,33,29,43,32
2024,167,32,02,29,11,34,49,14
2024,168,11,32,02,34,44,10,14
2024,169,22,03,15,09,16,40,45
2024,170,12,43,34,28,01,08,10
2024,171,19,33,42,43,13,08,16
2024,172,10,20,07,30,29,05,32
2024,173,11,10,47,41,17,09,49
2024,174,12,31,02,45,47,43,48
2024,175,30,04,13,14,06,16,40
2024,176,28,36,15,30,12,01,03
2024,177,49,12,17,48,05,36,11
2024,178,45,44,12,15,11,49,20
2024,179,23,40,25,12,16,35,01
2024,180,47,28,49,01,39,11,02
2024,181,49,45,46,23,37,11,27
2024,182,09,20,15,30,10,05,27
2024,183,33,49,15,26,02,11,25
2024,184,18,10,24,21,05,27,42
2024,185,38,44,06,12,26,25,42
2024,186,42,15,38,23,17,43,29
2024,187,22,27,02,33,11,19,39
2024,188,32,07,33,29,08,40,46
2024,189,42,27,32,26,03,20,43
2024,190,38,15,12,03,16,34,41
2024,191,11,02,48,19,38,22,39
2024,192,02,20,03,21,27,10,31
2024,193,35,32,39,49,26,01,04
2024,194,08,46,15,14,06,32,05
2024,195,34,40,05,17,03,26,21
2024,196,48,07,12,20,06,18,39
2024,197,09,03,17,15,22,19,10
2024,198,08,19,44,22,23,43,16
2024,199,20,04,35,36,45,08,15
2024,200,10,49,46,28,01,15,43
2024,201,43,20,13,24,08,40,25
2024,202,33,04,23,11,19,29,43
2024,203,11,31,12,20,09,48,45
2024,204,27,30,03,34,31,04,05
2024,205,10,25,30,16,07,42,40
2024,206,26,11,43,31,36,16,14
2024,207,15,24,47,01,05,11,18
2024,208,42,28,03,11,05,13,04
2024,209,21,46,05,29,39,12,33
2024,210,33,25,24,07,14,26,19
2024,211,32,45,09,27,12,43,20
2024,212,44,13,32,40,22,17,49
2024,213,29,22,17,19,40,04,38
2024,214,32,48,18,27,44,36,06
2024,215,13,21,26,32,33,02,20
2024,216,18,07,09,06,28,36,15
2024,217,22,37,49,18,11,30,15
2024,218,12,27,07,13,03,20,37
2024,219,47,05,40,12,42,09,14
2024,220,49,16,24,04,05,33,21
2024,221,42,14,48,07,30,16,01
2024,222,33,36,26,41,08,13,19
2024,223,45,23,24,33,15,18,30
2024,224,43,05,10,19,30,16,22
2024,225,36,12,39,28,43,40,05
2024,226,16,03,07,17,42,24,34
2024,227,13,17,29,34,48,28,20
2024,228,26,18,43,10,21,28,37
2024,229,26,28,49,16,34,25,05
2024,230,45,48,05,33,43,25,49
2024,231,38,39,09,05,49,02,17
2024,232,03,48,24,39,25,44,02
2024,233,01,08,42,43,34,27,23
2024,234,42,33,19,45,04,43,07
2024,235,25,38,17,13,29,30,24
2024,236,39,18,17,25,47,10,03
2024,237,43,31,44,45,01,36,06
2024,238,32,42,17,29,02,46,18
2024,239,24,45,07,26,25,42,31
2024,240,29,10,03,43,38,09,24
2024,241,20,24,46,42,39,21,04
2024,242,36,26,27,29,47,43,30
2024,243,49,07,09,19,11,38,01
2024,244,26,19,13,23,15,47,03
2024,245,13,06,31,32,25,35,17
2024,246,02,46,25,29,38,27,15
2024,247,33,13,45,46,29,22,31
2024,248,05,34,14,29,19,32,11
2024,249,01,44,15,06,37,38,32
2024,250,14,15,28,33,41,19,24
2024,251,31,30,29,22,12,06,14
2024,252,32,40,01,44,35,08,36
2024,253,01,19,23,27,28,29,47
2024,254,44,25,13,04,21,10,27
2024,255,36,34,22,35,16,21,30
2024,256,40,24,37,21,38,42,39
2024,257,46,03,20,35,15,11,08
2024,258,35,18,03,17,25,11,40
2024,259,06,09,02,33,08,03,29
2024,260,31,23,07,49,24,17,40
2024,261,10,24,44,32,07,31,01
2024,262,16,24,29,22,15,13,44
2024,263,44,22,08,05,47,20,13
2024,264,32,44,45,19,43,33,30
2024,265,17,07,38,02,23,40,16
2024,266,19,37,03,41,40,31,27
2024,267,21,38,22,16,01,34,12
2024,268,34,26,09,27,17,35,22
2024,269,24,26,36,23,38,33,11
2024,270,24,04,46,01,12,49,42
2024,271,49,29,22,16,48,17,40
2024,272,17,10,24,34,12,18,30
2024,273,18,47,24,30,05,12,41
2024,274,41,16,28,23,29,35,49
2024,275,40,05,09,49,25,30,41
2024,276,25,13,41,39,21,16,29
2024,277,11,02,09,45,35,27,26
2024,278,28,38,46,02,23,31,07
2024,279,29,16,02,09,49,05,40
2024,280,05,14,40,28,02,13,22
2024,281,15,35,13,23,26,39,43
2024,282,47,19,03,40,09,34,13
2024,283,02,24,29,27,07,39,47
2024,284,05,40,39,11,37,29,27
2024,285,43,04,46,28,14,19,21
2024,286,25,30,14,09,10,15,45
2024,287,18,37,29,21,12,36,40
2024,288,30,11,27,15,18,45,26
2024,289,27,37,30,15,48,20,04
2024,290,14,35,43,44,37,16,11
2024,291,11,01,29,31,38,08,14
2024,292,31,26,06,19,35,48,44
2024,293,10,48,37,18,46,05,30
2024,294,36,13,11,15,26,27,48
2024,295,48,14,49,18,09,38,24
2024,296,41,05,47,10,40,16,09
2024,297,43,02,30,39,12,03,49
2024,298,31,17,03,29,18,08,44
2024,299,03,10,37,31,17,43,21
2024,300,42,22,45,19,07,25,46
2024,301,30,34,25,33,31,44,16
2024,302,42,49,12,04,32,20,24
2024,303,23,44,49,34,17,04,38
2024,304,03,26,09,36,38,37,17
2024,305,10,38,45,17,44,03,32
2024,306,21,41,43,33,26,30,08
2024,307,44,27,37,34,48,24,03
2024,308,44,34,41,20,21,43,22
2024,309,19,35,29,25,01,27,09
2024,310,31,38,19,41,23,24,04
2024,311,49,26,29,41,36,25,21
2024,312,39,26,45,07,29,23,48
2024,313,07,11,48,41,02,15,46
2024,314,17,30,40,12,41,15,18
2024,315,30,04,21,18,07,47,35
2024,316,44,03,17,12,15,10,05
2024,317,43,01,18,19,20,09,13
2024,318,39,22,37,27,45,14,44
2024,319,16,07,42,33,40,06,41
2024,320,40,32,10,28,18,49,12
2024,321,11,49,22,24,46,42,36
2024,322,05,34,12,09,33,17,27
2024,323,40,19,37,41,15,30,39
2024,324,24,28,26,02,37,32,01
2024,325,05,03,10,09,32,19,28
2024,326,47,06,39,10,01,05,19
2024,327,11,07,02,13,03,15,41
2024,328,48,05,44,27,40,31,20
2024,329,02,16,15,01,13,17,14
2024,330,36,31,42,48,41,02,11
2024,331,04,17,03,20,05,19,06
2024,332,05,35,44,49,40,11,32
2024,333,37,49,05,11,19,06,04
2024,334,10,02,39,36,47,42,46
2024,335,05,42,49,10,40,36,34
2024,336,32,39,33,36,40,15,05
2024,337,04,32,29,45,36,23,48
2024,338,15,39,49,45,28,22,40
2024,339,25,41,40,42,29,15,38
2024,340,08,38,30,45,09,42,47
2024,341,09,26,06,19,46,43,18
2024,342,29,33,23,16,48,35,49
2024,343,08,47,20,27,02,35,45
2024,344,15,25,11,28,42,49,02
2024,345,45,48,44,38,34,30,46
2024,346,32,35,18,07,30,25,41
2024,347,37,16,39,33,35,02,28
2024,348,49,29,21,26,30,11,17
2024,349,35,22,46,24,41,08,01
2024,350,08,03,18,02,41,10,04
2024,351,20,01,02,05,22,17,27
2024,352,09,13,20,05,40,26,10
2024,353,34,40,03,36,21,12,47
2024,354,06,22,44,02,20,36,25
2024,355,09,16,37,12,14,47,49
2024,356,43,44,23,19,01,02,46
2024,357,37,07,31,20,16,26,09
2024,358,16,18,19,22,03,05,21
2024,359,02,31,06,34,40,22,15
2024,360,35,25,19,24,36,26,14
2024,361,04,22,15,31,28,46,20
2024,362,10,48,43,05,04,34,02
2024,363,36,42,32,01,05,16,04
2024,364,47,13,11,40,43,15,01
2024,365,05,36,06,40,17,13,30
2024,366,17,43,25,45,21,24,06
2025,001,25,18,06,14,29,39,22
2025,002,13,04,10,06,05,28,37
2025,003,28,01,16,47,18,42,33
2025,004,45,16,17,07,37,28,33
2025,005,35,21,10,03,32,40,08
2025,006,03,13,12,28,01,18,04
2025,007,32,12,48,45,39,07,15
2025,008,13,24,48,23,32,20,46
2025,009,23,17,43,01,10,13,30
2025,010,37,18,17,47,21,23,25
2025,011,07,45,03,30,01,10,06
2025,012,24,32,10,15,37,04,39
2025,013,42,43,36,11,25,47,07
2025,014,48,20,30,39,41,06,27
2025,015,13,37,02,03,43,12,36
2025,016,40,22,27,42,43,39,21
2025,017,42,29,20,49,22,06,38
2025,018,12,01,24,33,21,44,10
2025,019,03,23,49,13,39,26,06
2025,020,44,04,47,01,49,14,34
2025,021,39,19,24,31,32,30,14
2025,022,27,23,26,14,16,18,04
2025,023,15,43,06,30,16,09,45
2025,024,03,45,18,40,28,02,41
2025,025,17,42,28,44,05,20,30
2025,026,36,25,07,02,34,09,37
2025,027,02,06,28,32,45,16,25
2025,028,34,14,29,33,05,28,40
2025,029,14,46,03,35,43,10,13
2025,030,27,39,23,45,44,46,25
2025,031,30,23,08,24,33,25,22
2025,032,22,15,13,02,17,33,39
2025,033,41,22,19,40,46,39,48
2025,034,01,04,21,40,16,49,23
2025,035,27,35,32,37,06,18,21
2025,036,38,07,19,47,10,40,29
2025,037,35,32,46,08,37,16,25
2025,038,11,01,47,39,12,03,20
2025,039,41,48,10,17,34,43,40
2025,040,01,32,35,30,08,16,20
2025,041,48,35,22,30,26,04,28
2025,042,44,13,39,22,46,47,42
2025,043,04,27,38,40,19,35,37
2025,044,24,28,46,34,14,43,07
2025,045,40,28,03,48,31,08,30
2025,046,41,01,24,34,33,30,12
2025,047,14,22,13,31,20,16,12
2025,048,07,35,23,33,46,27,18
2025,049,49,05,01,17,31,06,43
2025,050,29,21,46,48,15,45,05
2025,051,27,22,31,07,13,18,49
2025,052,07,06,17,13,34,31,10
2025,053,33,48,05,19,13,17,11
2025,054,23,28,30,35,19,27,25
2025,055,47,36,40,43,11,37,44
2025,056,41,08,33,30,43,07,42
2025,057,10,11,13,01,40,22,20
2025,058,22,23,33,34,49,19,31
2025,059,40,16,17,26,36,04,24
2025,060,10,08,17,13,47,44,11
2025,061,42,28,39,06,23,35,10
2025,062,27,37,10,26,02,48,35
2025,063,42,05,38,03,49,21,23
2025,064,48,40,03,33,47,04,31
2025,065,30,41,38,25,35,16,48
2025,066,49,45,27,22,13,26,12
2025,067,15,35,39,48,45,11,44
2025,068,42,33,47,40,30,02,44
2025,069,44,30,05,40,06,15,29
2025,070,16,35,46,25,19,18,43
2025,071,32,09,44,36,23,40,49
2025,072,35,37,48,33,14,22,40
2025,073,43,22,48,23,33,10,03
2025,074,22,21,01,47,29,11,35
2025,075,30,05,10,37,32,07,09
2025,076,28,02,14,10,16,23,39
2025,077,05,23,27,17,11,39,22
2025,078,15,38,18,03,08,11,28
2025,079,04,20,09,32,29,44,10
2025,080,27,38,29,02,44,31,24
2025,081,48,08,40,09,18,27,38
2025,082,10,35,04,45,24,09,34
2025,083,45,04,06,47,46,11,28
2025,084,17,45,24,23,38,40,20
2025,085,32,31,18,14,08,19,35
2025,086,19,29,31,02,42,26,30
2025,087,30,16,14,28,29,03,15
2025,088,14,11,39,10,45,33,15
2025,089,45,19,13,25,15,27,14
2025,090,17,07,23,38,12,18,35
2025,091,35,23,32,31,08,24,40
2025,092,23,24,36,03,04,32,39
2025,093,16,23,28,21,27,46,10
2025,094,35,43,31,37,15,39,33
2025,095,04,43,37,40,24,16,20
2025,096,42,46,25,05,40,22,34
2025,097,01,32,24,23,04,02,31
2025,098,30,39,31,08,21,20,03
2025,099,01,34,43,38,06,22,20
2025,100,25,03,34,08,31,41,42
2025,101,20,49,36,37,42,30,01
2025,102,24,40,07,30,47,09,38
2025,103,16,28,03,30,42,49,32
2025,104,09,20,33,11,32,21,06
2025,105,12,28,48,37,18,43,26
2025,106,45,20,11,23,34,42,18
2025,107,08,09,15,24,18,42,46
2025,108,40,20,39,49,08,01,27
2025,109,47,16,08,41,06,19,03
2025,110,15,20,14,46,31,30,47
2025,111,02,17,13,41,28,36,45
2025,112,15,43,38,24,18,04,45
2025,113,02,26,43,38,03,09,46
2025,114,06,41,05,46,15,09,38
2025,115,14,07,09,22,10,04,03
2025,116,19,43,35,40,10,48,23
2025,117,33,46,40,06,22,45,47
2025,118,19,15,06,39,46,35,36
2025,119,21,37,10,45,19,30,38
2025,120,18,25,05,35,31,43,28
2025,121,25,07,31,34,23,39,24
2025,122,07,46,03,02,47,22,33
2025,123,37,30,49,16,09,12,45
2025,124,18,41,09,14,07,39,10
2025,125,18,25,19,28,01,08,49
2025,126,05,13,10,28,03,31,02
2025,127,45,35,08,20,04,22,49
2025,128,04,43,18,45,38,26,13
2025,129,34,45,20,42,19,25,40
2025,130,20,30,10,33,28,08,23
2025,131,13,44,04,20,36,30,47
2025,132,24,46,26,42,15,35,02
2025,133,45,03,16,01,21,38,10
2025,134,38,27,04,23,06,34,14
2025,135,32,44,25,03,34,33,37
2025,136,31,23,25,33,02,21,09
2025,137,39,35,46,25,48,45,36
2025,138,20,27,39,47,29,03,41
2025,139,38,27,47,30,45,09,14
2025,140,22,45,02,41,39,31,11
2025,141,30,22,31,34,39,03,13
2025,142,17,30,08,29,23,33,44
2025,143,27,19,17,02,24,15,10
2025,144,36,31,19,01,34,29,25
2025,145,30,25,29,28,10,49,17
2025,146,24,41,25,03,11,47,14
2025,147,47,14,38,26,19,35,32
2025,148,48,26,05,31,44,09,02
2025,149,44,43,25,03,29,19,41
2025,150,24,43,18,31,45,12,40
2025,151,29,49,26,25,35,39,38
2025,152,09,34,17,29,35,12,10
2025,153,42,11,25,08,45,09,43
2025,154,37,18,45,25,47,42,26
2025,155,06,34,33,12,37,20,45
2025,156,15,13,38,17,28,32,18
2025,157,37,05,16,12,17,03,23
2025,158,15,48,04,17,42,21,05
2025,159,45,34,35,22,24,08,31
2025,160,23,42,32,46,30,40,11
2025,161,49,41,44,29,38,18,16
2025,162,38,02,22,48,15,12,01
2025,163,38,18,43,29,10,32,23
2025,164,46,38,14,39,26,08,13
2025,165,23,37,17,08,42,49,47
2025,166,30,38,18,14,42,16,41
2025,167,11,27,30,06,36,03,09
2025,168,31,07,40,15,09,25,16
2025,169,11,02,32,38,29,31,07
2025,170,22,20,36,44,31,19,33
2025,171,15,04,23,36,27,07,47
2025,172,03,15,04,39,02,28,36
2025,173,46,32,30,05,42,04,38
2025,174,11,36,22,24,20,12,39
2025,175,37,03,32,12,08,29,30
2025,176,12,05,24,28,22,17,36
2025,177,31,30,11,49,22,41,04
2025,178,42,30,37,20,06,07,27
2025,179,42,08,05,30,29,25,24
2025,180,14,37,28,43,01,41,29
2025,181,10,21,40,37,02,39,23
2025,182,01,49,21,39,06,34,42
2025,183,12,39,38,07,28,45,33
2025,184,08,32,20,30,18,35,28
2025,185,22,40,29,45,11,01,05
2025,186,13,40,22,20,17,09,08
2025,187,07,31,18,14,26,04,45
2025,188,03,07,13,49,32,35,15
2025,189,11,36,03,39,48,41,17
2025,190,08,24,03,36,49,25,18
2025,191,33,41,40,24,37,18,29
2025,192,19,31,10,46,20,03,45
2025,193,17,16,04,14,06,42,24
2025,194,11,30,46,43,03,07,29
2025,195,22,12,42,08,06,27,25
2025,196,31,33,27,21,09,12,14
2025,197,15,25,10,43,12,24,34
2025,198,33,03,07,45,39,15,43
2025,199,37,32,05,21,13,11,10
2025,200,22,21,42,41,11,15,47
2025,201,05,30,01,37,25,46,47
2025,202,17,33,09,48,44,05,20
2025,203,27,23,39,10,12,44,18
2025,204,07,47,15,41,18,36,30
2025,205,23,04,12,06,37,30,01
2025,206,35,11,27,19,28,20,10
2025,207,09,27,06,01,49,45,24
2025,208,31,17,48,24,32,29,09
2025,209,31,08,32,26,48,02,13
2025,210,35,40,47,11,24,14,15
2025,211,39,01,14,27,24,12,02
2025,212,05,12,25,35,36,20,18
2025,213,03,31,34,38,47,24,11
2025,214,22,48,38,28,01,19,15
2025,215,33,11,19,15,36,13,21
2025,216,48,07,20,12,17,46,23
2025,217,18,03,39,37,08,11,46
2025,218,22,32,36,34,26,38,23
2025,219,04,25,23,46,16,41,09
2025,220,35,28,14,11,10,43,08
2025,221,46,27,15,23,25,12,08
2025,222,46,40,21,13,01,05,43
2025,223,46,41,44,07,34,24,25
2025,224,19,09,37,07,49,13,16
2025,225,45,24,13,44,09,47,32
2025,226,13,27,26,02,06,43,31
2025,227,07,11,27,19,28,43,40
2025,228,45,20,40,46,26,16,15
2025,229,41,36,48,42,28,06,02
2025,230,15,10,01,46,48,08,39
2025,231,16,23,05,08,35,31,38
2025,232,49,40,19,44,18,23,42
2025,233,43,29,27,18,45,06,37
2025,234,14,18,43,23,11,16,13
2025,235,45,43,12,36,49,02,42
2025,236,46,18,45,42,49,09,39
2025,237,49,25,10,03,37,17,02
2025,238,10,43,34,15,09,48,46
2025,239,12,13,01,05,29,48,04
2025,240,04,42,25,24,22,09,28
2025,241,22,38,11,29,43,09,01
2025,242,46,33,26,09,05,07,34
2025,243,15,47,23,16,27,42,08
2025,244,04,16,25,07,22,12,24
2025,245,34,37,19,29,14,38,44
2025,246,14,18,16,26,01,23,06
2025,247,38,10,01,44,15,03,25
2025,248,27,42,24,34,20,39,12
2025,249,37,19,48,09,04,01,02
2025,250,47,03,34,11,33,35,12
2025,251,06,18,12,36,05,15,35
2025,252,01,43,49,10,35,40,23
2025,253,06,39,19,08,30,37,33
2025,254,27,12,29,32,44,19,17
2025,255,15,21,20,25,24,39,42
2025,256,42,36,11,09,45,05,48
2025,257,23,21,04,01,30,11,28
2025,258,01,26,35,25,47,17,38
2025,259,08,38,30,45,09,42,47
2025,260,44,11,40,24,12,28,03
2025,261,37,34,09,46,16,30,33
2025,262,16,27,28,33,12,38,44
2025,263,39,48,03,20,25,43,38
2025,264,23,33,06,32,19,47,43
2025,265,44,34,48,06,23,01,10
2025,266,01,18,13,43,26,40,41
2025,267,07,09,05,25,48,40,29
2025,268,39,27,01,45,05,31,10
2025,269,17,02,33,38,46,21,31
2025,270,05,11,31,46,03,10,35
2025,271,48,03,44,27,08,09,06
2025,272,01,04,29,41,10,21,36
2025,273,02,43,19,34,22,49,04
2025,274,41,20,19,22,39,40,44
2025,275,34,47,25,21,28,05,45
2025,276,16,22,34,13,21,25,09
2025,277,46,11,41,33,48,37,16
2025,278,04,18,33,34,45,39,28
2025,279,37,01,26,42,39,30,27
2025,280,36,49,44,32,35,28,42
2025,281,37,07,10,13,23,36,47
2025,282,04,33,25,30,38,12,41
2025,283,21,24,35,08,29,18,45
2025,284,21,06,12,13,49,38,41
2025,285,46,25,37,15,41,28,24
2025,286,25,27,24,16,15,42,03
2025,287,05,42,49,10,40,36,34
2025,288,44,08,17,01,02,47,14
2025,289,35,04,23,10,44,24,42
2025,290,40,18,25,05,02,17,19
2025,291,43,24,06,10,30,25,44
2025,292,31,04,28,40,37,10,02
2025,293,18,11,20,46,01,14,47
2025,294,11,08,35,14,10,38,18
2025,295,18,04,45,33,42,38,05
2025,296,31,29,23,05,49,17,22
2025,297,43,24,11,41,01,19,44
2025,298,22,20,49,37,39,35,23
2025,299,33,39,35,13,31,19,49
2025,300,17,32,39,26,29,24,40
2025,301,47,10,09,38,41,45,05
2025,302,07,27,06,45,29,42,22
2025,303,02,18,31,27,47,36,15
2025,304,12,47,43,34,39,19,48
2025,305,33,24,29,45,11,27,42
2025,306,10,22,07,09,38,04,17
2025,307,21,44,04,24,29,01,20
2025,308,45,48,46,14,40,01,39
2025,309,49,07,16,13,32,04,06
2025,310,49,04,09,17,10,43,16
2025,311,06,39,32,04,07,02,37
2025,312,46,18,47,35,03,01,14
2025,313,03,29,10,39,49,22,38
2025,314,29,44,37,19,26,38,23
2025,315,19,43,20,15,08,37,04
2025,316,20,29,40,42,17,25,24
2025,317,05,10,03,06,01,32,18
2025,318,26,22,20,30,46,07,06
2025,319,29,22,16,31,21,17,45
2025,320,33,40,20,48,34,07,28
2025,321,28,08,34,25,24,10,23
2025,322,46,06,34,17,33,29,47
2025,323,48,28,29,36,46,19,09
2025,324,49,30,31,38,10,28,15
2025,325,12,02,33,05,17,49,04
2025,326,23,04,46,11,33,31,19
2025,327,13,44,09,21,31,22,37
2025,328,28,34,13,08,22,15,03
2025,329,46,13,44,37,45,19,17
2025,330,20,37,32,01,11,06,36
2025,331,42,24,02,22,47,21,26
2025,332,44,23,45,30,19,08,26
2025,333,43,31,36,11,37,27,06
2025,334,35,29,41,33,01,49,46
2025,335,34,35,46,31,13,03,44
2025,336,20,06,15,10,13,42,17
2025,337,13,44,42,24,32,14,09
2025,338,41,48,34,15,25,10,08
2025,339,24,22,40,36,39,31,48
2025,340,45,17,15,28,22,10,16
2025,341,05,34,42,07,35,12,06
2025,342,41,19,17,15,24,08,04
2025,343,11,45,41,28,46,35,38
2025,344,11,21,42,10,47,40,27
2025,345,41,23,09,11,32,03,24
2025,346,11,26,40,46,34,20,03
2025,347,30,08,26,37,28,24,13
2025,348,31,26,44,21,22,34,16
2025,349,33,11,39,04,40,46,22
2025,350,07,22,42,35,16,47,49
2025,351,16,15,03,12,10,11,04
2025,352,25,09,29,26,10,02,44
2025,353,38,06,16,46,26,48,01
2025,354,21,15,04,05,28,48,30
2025,355,43,09,06,28,15,30,08
2025,356,40,11,08,36,13,03,24
2025,357,41,35,02,13,43,24,49
2025,358,26,22,43,42,18,35,07
2025,359,37,38,06,23,45,42,11
2025,360,27,06,44,15,39,12,41
2025,361,30,11,02,38,33,20,24
